Zhang_297_Zhang_628,0,0,,NA,0,0,AGACCTAGCTCCGCTCCCA,.,-0.248049,NA,0,0,AACGACGGGCCTAGTCTCA,.,0.610091,nontarget
Zhang_891_Zhang_136,0,0,,NA,0,0,CCTGCCAAGAAACACCCTT,.,-0.451641,NA,0,0,TTAGCACGGCGACCTTCTA,.,0.149125,nontarget
Zhang_1_Zhang_245,0,0,,NA,0,0,CGGAGGCTAAGCGTCGCAA,.,-0.00772,NA,0,0,CTCGAAATCACCTATGGTA,.,0.022483,nontarget
CTRL0089_Zhang_100,0,0,,NA,0,0,AGAGCGAATCGATTTCGTG,.,0.202327,NA,0,0,ACTAATGGACCAAGTCAGT,.,0.188963,nontarget
Zhang_62_Zhang_733,0,0,,NA,0,0,CTCCGTGCTAACGCGGACG,.,0.051157,NA,0,0,AGTCGTTTCTATGGGATCT,.,0.295585,nontarget
Zhang_239_Zhang_93,0,0,,NA,0,0,GCGGCGTAATGCTTGAAAG,.,0.356169,NA,0,0,TGACATTGCGCGTCTACGG,.,-0.320749,nontarget
ENSG00000223883_p69521581_dist1333,1333,300.0,+GOODDIST;+5UTR;+TSS;,chr1,69520297,69520316,GTATCTTAAGCTCACTAGA,-,0.171846,chr1,69521649,69521668,CAGTAATTTGTTCAAGAGT,-,0.59955,promoter
Zhang_169_Zhang_417,0,0,,NA,0,0,TAACTCGAACGCTCGAAAG,.,0.404078,NA,0,0,GCTAAATTGTCACACGTTT,.,0.107575,nontarget
Zhang_58_Zhang_42,0,0,,NA,0,0,GACACGTCACCGGTCAAAA,.,0.256345,NA,0,0,TAATCCGGAAACGCTCGAC,.,-0.205662,nontarget
Zhang_927_Zhang_905,0,0,,NA,0,0,CTCAGCCATTTTATTAGAA,.,0.134093,NA,0,0,GTACCCCTAGGTATGGGGA,.,0.307091,nontarget
Zhang_446_Zhang_898,0,0,,NA,0,0,TAACGGACTGCAGAACGGA,.,-0.032417,NA,0,0,GTTTTGCATGTTGCATAGG,.,0.027042,nontarget
Zhang_95_CTRL0061,0,0,,NA,0,0,TACGTGGAAGCTTGTGGCC,.,-0.35731,NA,0,0,CCGTGTTGCTGGATACGCC,.,-0.331258,nontarget
Zhang_803_Zhang_751,0,0,,NA,0,0,TAACGCCTTATTTTTATGT,.,0.038166,NA,0,0,GCGTTAATTAAACTGTTTT,.,0.421741,nontarget
Zhang_122_Zhang_42,0,0,,NA,0,0,CTTAACCTATCCGCCAGTA,.,0.110537,NA,0,0,TAATCCGGAAACGCTCGAC,.,-0.205662,nontarget
Zhang_160_Zhang_276,0,0,,NA,0,0,CGGTTCCGGGAGCACATTT,.,0.005061,NA,0,0,TCCACGGTAAAATCGGTCA,.,0.611251,nontarget
CTRL0072_Zhang_457,0,0,,NA,0,0,CCACACGAATCATAAAGAG,.,-0.311577,NA,0,0,GTATGCGCGATCCTGAGTT,.,0.018568,nontarget
Zhang_275_Zhang_145,0,0,,NA,0,0,TCATCAGCGATTTGACGAG,.,0.432582,NA,0,0,AGTAATTTCGAACGTATTG,.,0.621303,nontarget
ENSG00000234264_p68962359_dist1071,1071,310.0,+ORI;+GOODDIST;+5UTR;+TSS;,chr1,68962374,68962393,CCTCATAGCGAGTCTGGTG,+,0.321916,chr1,68961284,68961303,AGAAAGGGACTCTGTACTA,+,0.245602,promoter
Zhang_104_Zhang_733,0,0,,NA,0,0,AAGACCTTATCGTGCAGCG,.,-0.032369,NA,0,0,AGTCGTTTCTATGGGATCT,.,0.295585,nontarget
CTRL0072_Zhang_640,0,0,,NA,0,0,GATTCATTCACGAGTTGGG,.,0.133477,NA,0,0,GTATGCGCGATCCTGAGTT,.,0.018568,nontarget
CTRL0076_Zhang_140,0,0,,NA,0,0,TTCAGCGCGCTCGCCCTGG,.,0.404406,NA,0,0,TGTAATTGCGTCTAGTCGG,.,-0.229336,nontarget
ENSG00000234264_dist3988,3988,127.56,+GOODDIST;+TSSNEARBY;+TARGETEXON;,chr1,68991584,68991603,AGGAACTCCCTAGATGCCA,+,0.320585,chr1,68995591,68995610,ACAATGTAGCAATGCCCTG,-,0.470959,gene
Zhang_503_Zhang_3,0,0,,NA,0,0,TCGTTTCCGCTTAACGGCG,.,-0.30158,NA,0,0,GTCTCACCTGCACCCCGAA,.,0.088693,nontarget
Zhang_796_Zhang_677,0,0,,NA,0,0,CCACTAATGAGATTCTTGT,.,0.515348,NA,0,0,CATTCCGTAAGGGCTTGGA,.,0.405915,nontarget
Zhang_573_Zhang_901,0,0,,NA,0,0,CTCGTCCAGATTCCGGCGG,.,-0.176088,NA,0,0,AATAATATGCATCTCTCGA,.,0.254206,nontarget
Zhang_414_Zhang_242,0,0,,NA,0,0,TCAATTCACCGAGGGCGCA,.,0.528006,NA,0,0,GGCACCTGTTAGGCTATTC,.,0.109656,nontarget
Zhang_302_Zhang_604,0,0,,NA,0,0,ATGTGATCTATGGTTGCGA,.,-0.123861,NA,0,0,GGGAATTCCTCGGCCGATT,.,0.03833,nontarget
Zhang_935_CTRL0040,0,0,,NA,0,0,GGGTCAGTCTGTCCTTTTT,.,0.37714,NA,0,0,GATGCACTCCATCTCGTCT,.,0.019157,nontarget
Zhang_42_CTRL0024,0,0,,NA,0,0,TAATCCGGAAACGCTCGAC,.,-0.205662,NA,0,0,CGGTCCTCAGTAAGCGCGT,.,-0.241865,nontarget
Zhang_662_Zhang_409,0,0,,NA,0,0,GTGCTTAGCTCTGCGCACA,.,0.224091,NA,0,0,TAGCAGGACGAGGTTCCTT,.,-0.372004,nontarget
Zhang_538_Zhang_526,0,0,,NA,0,0,GCGCACCACGGGCGCGCAC,.,-0.321518,NA,0,0,TCCGTTATGTGGCATGAGA,.,0.463216,nontarget
Zhang_118_Zhang_330,0,0,,NA,0,0,TCTCGGGTCGACTGCGGAT,.,0.107376,NA,0,0,TTGGGTTTATCCGCCCCCA,.,-0.440392,nontarget
Zhang_807_CTRL0016,0,0,,NA,0,0,CAGCTCGTGTGTCGTACTC,.,-0.22463,NA,0,0,AGACCCAGTAAAACCACCA,.,-0.078063,nontarget
ENSG00000234264_dist3967,3967,127.35000000000002,+GOODDIST;+TSSNEARBY;+TARGETEXON;,chr1,68995591,68995610,ACAATGTAGCAATGCCCTG,-,0.470959,chr1,68991605,68991624,GAGATGAGTTTTAGAGAAA,+,0.255666,gene
Zhang_277_CTRL0049,0,0,,NA,0,0,CTGTTGCCGCGCCAACTGC,.,-0.242168,NA,0,0,TTACCTTCGCTCGTCTATA,.,0.361379,nontarget
Zhang_206_Zhang_291,0,0,,NA,0,0,CCGCCGATTTCATAAGTAA,.,0.172128,NA,0,0,AGGTTTGCACGCATAGCTA,.,-0.017076,nontarget
Zhang_252_Zhang_415,0,0,,NA,0,0,GCCGTTAGCATGCGATCCC,.,-0.462645,NA,0,0,TCGTGGTAGGTATAACTAT,.,0.054431,nontarget
CTRL0076_Zhang_185,0,0,,NA,0,0,CACCGAAGCACCTGTACGT,.,-0.237289,NA,0,0,TGTAATTGCGTCTAGTCGG,.,-0.229336,nontarget
CTRL0043_Zhang_297,0,0,,NA,0,0,TCGTCACGAGCAGGATTGC,.,0.048643,NA,0,0,AACGACGGGCCTAGTCTCA,.,0.610091,nontarget
Zhang_95_Zhang_677,0,0,,NA,0,0,CCGTGTTGCTGGATACGCC,.,-0.331258,NA,0,0,CATTCCGTAAGGGCTTGGA,.,0.405915,nontarget
Zhang_289_Zhang_915,0,0,,NA,0,0,CAAGGAGCCTTATTTCTTG,.,0.361512,NA,0,0,GGACTGATATATGGCGAAC,.,0.092208,nontarget
Zhang_355_Zhang_882,0,0,,NA,0,0,CAATGATAAGCCCGAACGG,.,-0.18528,NA,0,0,ACTACAAGTAAAAGTATCG,.,0.577691,nontarget
Zhang_659_Zhang_647,0,0,,NA,0,0,AACCCTATGCCCAAATGAG,.,-0.172299,NA,0,0,CTACGTGTAGTTGTACATA,.,0.262744,nontarget
Zhang_203_Zhang_628,0,0,,NA,0,0,AAGGCGACCTGCGCTTGTG,.,0.276077,NA,0,0,AGACCTAGCTCCGCTCCCA,.,-0.248049,nontarget
Zhang_224_Zhang_79,0,0,,NA,0,0,GTCATTAGCGTAACGATAT,.,0.413403,NA,0,0,GCGCAGATAGCGCGTATCA,.,0.546891,nontarget
Zhang_209_Zhang_670,0,0,,NA,0,0,GTCTTTAAACACGCCATCG,.,0.132343,NA,0,0,AAAAAGGCGTTTGAGCGTG,.,0.196976,nontarget
Zhang_945_Zhang_126,0,0,,NA,0,0,TTCCTTCGGCGCTCTGCGT,.,-0.341805,NA,0,0,TCTTCACAGGGTGCAACGA,.,0.245986,nontarget
ENSG00000228327_dist3640,3640,510.0,+ORI;+GOODDIST;+TSS;+TARGETEXON;,chr1,710617,710636,CTCACCGCAACTTCACGCC,-,0.286153,chr1,714276,714295,GTCGTAAAGCTCCTCCTCG,-,0.325527,gene
Zhang_468_Zhang_71,0,0,,NA,0,0,TAGCCGCCGCTCATTACTT,.,-0.416983,NA,0,0,CAATCTTGAACGTCATGTT,.,-0.200601,nontarget
Zhang_511_Zhang_823,0,0,,NA,0,0,GAGTCTTACTAGGTCCTGT,.,0.1091,NA,0,0,ACGTAAGTGACGACAGGAA,.,0.444724,nontarget
Zhang_647_Zhang_666,0,0,,NA,0,0,GCGATCTGGACACTCTCCA,.,-0.19523,NA,0,0,CTACGTGTAGTTGTACATA,.,0.262744,nontarget
Zhang_517_Zhang_651,0,0,,NA,0,0,TGTCCACCTACAGCGATGT,.,0.171731,NA,0,0,AAAAGTCTCGCTTGGTCCT,.,-0.41883,nontarget
CTRL0089_Zhang_762,0,0,,NA,0,0,ACTAATGGACCAAGTCAGT,.,0.188963,NA,0,0,GACCCATGGATGTGAACCC,.,-0.341564,nontarget
Zhang_751_Zhang_25,0,0,,NA,0,0,GCGTTAATTAAACTGTTTT,.,0.421741,NA,0,0,ATCGACTCGAACTTCGTGT,.,0.222959,nontarget
Zhang_847_Zhang_500,0,0,,NA,0,0,GTAATTTTGTAATCGCTTC,.,0.232589,NA,0,0,TCCCAGTACCAGTCAGTTC,.,0.080484,nontarget
Zhang_139_CTRL0047,0,0,,NA,0,0,CCCGATAATAGCTACTGGT,.,-0.065192,NA,0,0,TATGAGTCAAGCTAATGCG,.,-0.167596,nontarget
Zhang_529_CTRL0024,0,0,,NA,0,0,CGGTCCTCAGTAAGCGCGT,.,-0.241865,NA,0,0,CGGGCAGAACGACCCTGAC,.,-0.007095,nontarget
Zhang_302_Zhang_700,0,0,,NA,0,0,TTCATTTCCAAGTCCGCTG,.,-0.308982,NA,0,0,GGGAATTCCTCGGCCGATT,.,0.03833,nontarget
ENSG00000225880_dist4284,4284,5.639999999999986,+GOODDIST;NDIST;+TSSNEARBY;+TARGETEXON;,chr1,724306,724325,GAACGGAATGGACTTGAGT,+,0.329335,chr1,720003,720022,TTCCAACAGGCCAAATATG,+,0.119366,gene
ENSG00000228327_dist4588,4588,541.2,+GOODDIST;NDIST;+5UTR;+TSS;+TARGETEXON;,chr1,718569,718588,CACGTGAACAGTTCTGGCC,+,0.107002,chr1,713962,713981,TGCCCAGCTCCAGGCACCA,+,0.044485,gene
CTRL0057_Zhang_524,0,0,,NA,0,0,CACAATGTTGACGTAAGTG,.,0.183454,NA,0,0,TCAAGTCAGGTTATGCGGG,.,0.298117,nontarget
ENSG00000234264_dist3857,3857,127.77999999999997,+GOODDIST;+TSSNEARBY;+TARGETEXON;,chr1,68991562,68991581,GTTTTACCTGTGCCAAATG,+,0.18123,chr1,68995438,68995457,GGGTCGCTTATTTAAGGTC,-,0.279962,gene
Zhang_531_Zhang_613,0,0,,NA,0,0,AGCGGGCACACATGACAAG,.,0.095264,NA,0,0,GATCTAGCTACCTCAAAAG,.,0.11193,nontarget
ENSG00000228327_p714006_dist1374,1374,200.0,+GOODDIST;+TSS;,chr1,714642,714661,GTCTTTGAAACTTGTAGCG,+,0.537029,chr1,713249,713268,TAACATAAAGTGCTCCGCC,-,0.133459,promoter
Zhang_397_Zhang_998,0,0,,NA,0,0,TTCCCATGATCATTTAGTG,.,-0.161562,NA,0,0,TGTACGGTACTGGCTTTGT,.,0.26314,nontarget
Zhang_982_Zhang_551,0,0,,NA,0,0,TTTTAATACAAGGTAATCT,.,0.023149,NA,0,0,CAGGCTGAAGTTCGTACCT,.,-0.361517,nontarget
Zhang_57_Zhang_709,0,0,,NA,0,0,CGCTATTGAAACCGCCCAC,.,-0.353152,NA,0,0,TTAAACGACACCTTATTCT,.,-0.16719,nontarget
ENSG00000223883_dist3914,3914,600.0,+GOODDIST;+5UTR;+TSS;+TARGETEXON;,chr1,69517667,69517686,TTATACTTCCTAGGAACGT,-,0.01077,chr1,69521600,69521619,ATTTGGACTTTCAAAGAAC,-,0.054513,gene
ENSG00000225880_dist3908,3908,34.04000000000002,+GOODDIST;+TSSNEARBY;+TARGETEXON;,chr1,720379,720398,TGAGAAAAAACCAAACTGA,+,0.562203,chr1,724306,724325,GAACGGAATGGACTTGAGT,+,0.329335,gene
ENSG00000228327_dist3934,3934,500.0,+GOODDIST;+TSS;+TARGETEXON;,chr1,710131,710150,AAATACTTGCAAAACATGT,+,0.347379,chr1,714084,714103,CACCCTTGTGACGTCACAG,+,0.396517,gene
Zhang_337_Zhang_330,0,0,,NA,0,0,GACTCGGGCAATATCGGTT,.,-0.104365,NA,0,0,TTGGGTTTATCCGCCCCCA,.,-0.440392,nontarget
Zhang_117_Zhang_844,0,0,,NA,0,0,CGGGAGATTAACGTTAATT,.,0.162956,NA,0,0,CACAAAACCAGCAATGGTC,.,-0.085147,nontarget
ENSG00000225880_dist4767,4767,13.800000000000011,+GOODDIST;NDIST;+TSSNEARBY;+TARGETEXON;,chr1,729952,729971,GCCTGGGCAGCGATAGTAT,-,0.247895,chr1,725166,725185,GAATGGAAAGGACTCGAGT,+,0.458453,gene
Zhang_437_Zhang_577,0,0,,NA,0,0,TAGGGTACAGCGTCAGCTT,.,-0.43224,NA,0,0,ATGAGCGCATTGAATAATA,.,0.098278,nontarget
Zhang_734_Zhang_199,0,0,,NA,0,0,ACATCTCGTTAGGGGTATC,.,0.089155,NA,0,0,AAATCGATGGGCTGAATCT,.,0.502516,nontarget
Zhang_740_Zhang_689,0,0,,NA,0,0,ATCATAAATGTACAACGGG,.,-0.033797,NA,0,0,ACCCTTATATTCAGTAACT,.,0.121762,nontarget
ENSG00000234264_p68962359_dist1086,1086,310.0,+ORI;+GOODDIST;+5UTR;+TSS;,chr1,68961269,68961288,AGTAATAAAAATGACAGAA,+,0.101622,chr1,68962374,68962393,CCTCATAGCGAGTCTGGTG,+,0.321916,promoter
Zhang_635_Zhang_391,0,0,,NA,0,0,ATTTCTCCTAAGTCTAGCG,.,-0.256458,NA,0,0,GTATTGTGGTGTCGTCAAC,.,0.139916,nontarget
Zhang_169_Zhang_346,0,0,,NA,0,0,CCGTGGCGTGCGCACCTGT,.,-0.294044,NA,0,0,TAACTCGAACGCTCGAAAG,.,0.404078,nontarget
Zhang_43_Zhang_203,0,0,,NA,0,0,GCCGGGCTGACAATTAACG,.,-0.12393,NA,0,0,AAGGCGACCTGCGCTTGTG,.,0.276077,nontarget
Zhang_417_CTRL0004,0,0,,NA,0,0,GCTAAATTGTCACACGTTT,.,0.107575,NA,0,0,CTTGAGCACATACGCGAAT,.,0.098222,nontarget
Zhang_566_Zhang_654,0,0,,NA,0,0,CCCCGAGACCATCTTAGGG,.,0.100643,NA,0,0,CTATCATGGCACCCAATTG,.,0.446322,nontarget
Zhang_136_CTRL0049,0,0,,NA,0,0,TTAGCACGGCGACCTTCTA,.,0.149125,NA,0,0,TTACCTTCGCTCGTCTATA,.,0.361379,nontarget
ENSG00000223883_p69521581_dist1930,1930,300.0,+GOODDIST;+5UTR;+TSS;,chr1,69519767,69519786,AAGGGAGTTAGGAATCAAA,-,0.666557,chr1,69521716,69521735,CCTACCTTTAAGATGCAGA,-,0.454347,promoter
Zhang_24_Zhang_901,0,0,,NA,0,0,AATAATATGCATCTCTCGA,.,0.254206,NA,0,0,TATCTCGAGTGGTAATGCG,.,-0.136999,nontarget
Zhang_458_CTRL0068,0,0,,NA,0,0,AGAGTGCGCCTTGATAGTA,.,0.000716,NA,0,0,CGCTACGGAATCATACGTT,.,-0.031684,nontarget
Zhang_5_Zhang_239,0,0,,NA,0,0,TGACATTGCGCGTCTACGG,.,-0.320749,NA,0,0,CATATCGGGGCGAGACATG,.,0.401813,nontarget
Zhang_375_Zhang_513,0,0,,NA,0,0,GATGCCCGTCTATGGCCCG,.,-0.186285,NA,0,0,TAATTTGGGTGGGCCCTGC,.,0.252132,nontarget
Zhang_275_Zhang_334,0,0,,NA,0,0,AAAACACGATGACGTCTCT,.,0.391636,NA,0,0,AGTAATTTCGAACGTATTG,.,0.621303,nontarget
ENSG00000228327_p714006_dist1736,1736,200.0,+GOODDIST;+TSS;,chr1,712504,712523,GACTGGCTTTTCAATCAAG,+,0.413453,chr1,714259,714278,CCGCCGCACATAAGCCACG,+,0.454442,promoter
Zhang_891_Zhang_738,0,0,,NA,0,0,AGTTCTAATCGTTCCTTGA,.,0.723783,NA,0,0,CCTGCCAAGAAACACCCTT,.,-0.451641,nontarget
ENSG00000228327_dist3489,3489,500.0,+GOODDIST;+TSS;+TARGETEXON;,chr1,714125,714144,CAATCAGAACTCGCGGTGG,+,0.669645,chr1,710617,710636,CTCACCGCAACTTCACGCC,-,0.286153,gene
Zhang_318_Zhang_46,0,0,,NA,0,0,AGAAGGGCCGTACCCGAAA,.,0.530565,NA,0,0,GCCGTTCCGAGATACTTGA,.,0.436947,nontarget
Zhang_511_Zhang_24,0,0,,NA,0,0,ACGTAAGTGACGACAGGAA,.,0.444724,NA,0,0,TATCTCGAGTGGTAATGCG,.,-0.136999,nontarget
Zhang_191_Zhang_649,0,0,,NA,0,0,TCAGCGAGTGTGACTAAGC,.,0.041025,NA,0,0,AATCATGCACATTCGGGAC,.,-0.025386,nontarget
Zhang_169_CTRL0004,0,0,,NA,0,0,CTTGAGCACATACGCGAAT,.,0.098222,NA,0,0,TAACTCGAACGCTCGAAAG,.,0.404078,nontarget
Zhang_811_Zhang_47,0,0,,NA,0,0,GGGACGTCGCGAAAATGTA,.,0.327302,NA,0,0,CTTTTTCCAGCGAGAGCAA,.,-0.23212,nontarget
Zhang_296_Zhang_796,0,0,,NA,0,0,CCTATCGGCATTCCCACTG,.,-0.173637,NA,0,0,CCACTAATGAGATTCTTGT,.,0.515348,nontarget
Zhang_205_Zhang_909,0,0,,NA,0,0,GCAACCTTCCTTTTCAGGA,.,0.318808,NA,0,0,CAAAAACCCAACGCTATTC,.,0.190483,nontarget
Zhang_743_Zhang_521,0,0,,NA,0,0,TTCCCCGGGAAGTCTATGC,.,0.044704,NA,0,0,GCCTCTCCCTTACCCGGAC,.,-0.298159,nontarget
Zhang_864_Zhang_449,0,0,,NA,0,0,CACTTTGTTTGGCCTACTG,.,-0.181843,NA,0,0,ATGGCCTACGGTGTCTTTG,.,0.271218,nontarget
Zhang_654_Zhang_562,0,0,,NA,0,0,CTCTCGGAGTGGAGCAACA,.,0.512353,NA,0,0,CTATCATGGCACCCAATTG,.,0.446322,nontarget
Zhang_945_Zhang_837,0,0,,NA,0,0,TCTTCACAGGGTGCAACGA,.,0.245986,NA,0,0,TGGAAGAGCGTCATGACTT,.,-0.058153,nontarget
Zhang_85_Zhang_136,0,0,,NA,0,0,CTGGCTTGACACGACCGTT,.,-0.406577,NA,0,0,TTAGCACGGCGACCTTCTA,.,0.149125,nontarget
Zhang_122_Zhang_124,0,0,,NA,0,0,TAAGGCCCGCGTACGAGCT,.,0.10916,NA,0,0,CTTAACCTATCCGCCAGTA,.,0.110537,nontarget
Zhang_740_Zhang_937,0,0,,NA,0,0,CAGCGAGATAACTTGACTC,.,-0.420415,NA,0,0,ACCCTTATATTCAGTAACT,.,0.121762,nontarget
Zhang_265_Zhang_670,0,0,,NA,0,0,TACGAGGCGCTTTTCTTTG,.,0.462669,NA,0,0,AAAAAGGCGTTTGAGCGTG,.,0.196976,nontarget
Zhang_470_Zhang_83,0,0,,NA,0,0,CCAGGGTATGGGCATCTCG,.,0.025235,NA,0,0,TACCATTGCCGGCTCCCTA,.,0.077168,nontarget
Zhang_551_Zhang_580,0,0,,NA,0,0,CAGGCTGAAGTTCGTACCT,.,-0.361517,NA,0,0,GAACCCTCCCTGCGATAGA,.,0.548861,nontarget
Zhang_461_Zhang_386,0,0,,NA,0,0,GTTGTAGGGTCTTTCTTGA,.,0.466944,NA,0,0,ACGGATCACCAAATCTTAG,.,0.262616,nontarget
ENSG00000228327_dist4594,4594,540.6,+GOODDIST;NDIST;+5UTR;+TSS;+TARGETEXON;,chr1,718575,718594,AACAGTTCTGGCCTGGAGT,+,0.359478,chr1,713962,713981,TGCCCAGCTCCAGGCACCA,+,0.044485,gene
Zhang_439_Zhang_361,0,0,,NA,0,0,CAACCCCAGCGCACCGTTG,.,0.46061,NA,0,0,TGCTGCAGCTTTACGATCA,.,0.635364,nontarget
ENSG00000225880_dist4763,4763,14.159999999999968,+GOODDIST;NDIST;+TSSNEARBY;+TARGETEXON;,chr1,729948,729967,GCCTATACTATCGCTGCCC,+,0.02776,chr1,725166,725185,GAATGGAAAGGACTCGAGT,+,0.458453,gene
Zhang_51_Zhang_137,0,0,,NA,0,0,CGATCGAGGTTGCATTCGG,.,-0.329991,NA,0,0,GGAAATCGACTGTGCGCTT,.,-0.168748,nontarget
Zhang_709_Zhang_651,0,0,,NA,0,0,TTAAACGACACCTTATTCT,.,-0.16719,NA,0,0,AAAAGTCTCGCTTGGTCCT,.,-0.41883,nontarget
Zhang_366_Zhang_178,0,0,,NA,0,0,TTGCGCAATCCTTAGGATA,.,0.06,NA,0,0,CGGCGTCATCCACGCGTGC,.,-0.104047,nontarget
Zhang_369_Zhang_580,0,0,,NA,0,0,CTACTCCCGTGTGTTATCC,.,-0.17339,NA,0,0,GAACCCTCCCTGCGATAGA,.,0.548861,nontarget
Zhang_139_Zhang_230,0,0,,NA,0,0,GAGCGTCTTCGTGACAAAC,.,-0.385011,NA,0,0,CCCGATAATAGCTACTGGT,.,-0.065192,nontarget
Zhang_24_Zhang_297,0,0,,NA,0,0,TATCTCGAGTGGTAATGCG,.,-0.136999,NA,0,0,AACGACGGGCCTAGTCTCA,.,0.610091,nontarget
CTRL0089_Zhang_987,0,0,,NA,0,0,AAAGCAGAAGAATATACAG,.,-0.406545,NA,0,0,ACTAATGGACCAAGTCAGT,.,0.188963,nontarget
CTRL0038_Zhang_591,0,0,,NA,0,0,CTAATATCGACACGGCCGC,.,-0.291953,NA,0,0,TCCTGCCCGAACTGCAGAA,.,0.499523,nontarget
Zhang_598_Zhang_207,0,0,,NA,0,0,AGACCACTTTCGTGCAAGC,.,-0.130909,NA,0,0,TTCCGTGAGGGTTACTTCA,.,0.25325,nontarget
Zhang_299_Zhang_841,0,0,,NA,0,0,GGACACAGGATACGCAGCT,.,0.237601,NA,0,0,ATATCCCGCGAAAAAATCT,.,-0.383333,nontarget
Zhang_428_Zhang_78,0,0,,NA,0,0,AGTCTCACCTGATGGCGTG,.,0.508465,NA,0,0,CGCGGACATAGGGCTCTAA,.,0.696493,nontarget
Zhang_297_Zhang_525,0,0,,NA,0,0,GATACCTGGGCCGACTTTC,.,-0.188749,NA,0,0,AACGACGGGCCTAGTCTCA,.,0.610091,nontarget
ENSG00000234264_dist3848,3848,127.69,+GOODDIST;+TSSNEARBY;+TARGETEXON;,chr1,68995438,68995457,GGGTCGCTTATTTAAGGTC,-,0.279962,chr1,68991571,68991590,GTTCCTCCGCATTTGGCAC,-,0.313087,gene
Zhang_85_Zhang_966,0,0,,NA,0,0,GTTCCCAGAAATATATTGC,.,-0.075326,NA,0,0,CTGGCTTGACACGACCGTT,.,-0.406577,nontarget
Zhang_313_Zhang_276,0,0,,NA,0,0,TCCACGGTAAAATCGGTCA,.,0.611251,NA,0,0,TCCTCATCCGGTCAGGCTG,.,-0.20958,nontarget
Zhang_708_Zhang_123,0,0,,NA,0,0,GTAGTAAATATCTAGCTAA,.,0.483974,NA,0,0,GGCCACGAATTCCGCCGCC,.,-0.170968,nontarget
ENSG00000228327_p714006_dist1373,1373,200.0,+GOODDIST;+TSS;,chr1,714641,714660,AGTCTTTGAAACTTGTAGC,+,0.019415,chr1,713249,713268,TAACATAAAGTGCTCCGCC,-,0.133459,promoter
ENSG00000223883_dist3867,3867,600.0,+GOODDIST;+5UTR;+TSS;+TARGETEXON;,chr1,69518152,69518171,ATAAGGCCTGTGGTTCCAT,-,0.008328,chr1,69522038,69522057,TACAACTACATATGTGGCT,-,0.037409,gene
CTRL0072_Zhang_594,0,0,,NA,0,0,CTGCGCGTAGAACAGTGGT,.,-0.294339,NA,0,0,GTATGCGCGATCCTGAGTT,.,0.018568,nontarget
Zhang_917_CTRL0079,0,0,,NA,0,0,TAGCGAAGACTTGCCGACG,.,0.240826,NA,0,0,CTGCTGCTGACATCTCTTA,.,0.321714,nontarget
Zhang_53_Zhang_769,0,0,,NA,0,0,GGTAGTATTAATCGCTGAC,.,0.064974,NA,0,0,TCCTAGAGTTGGCAGACGC,.,-0.464599,nontarget
Zhang_500_Zhang_200,0,0,,NA,0,0,TCAGGTAATAGTCGGACTC,.,-0.11591,NA,0,0,GTAATTTTGTAATCGCTTC,.,0.232589,nontarget
ENSG00000228327_p714006_dist1008,1008,210.0,+ORI;+GOODDIST;+TSS;,chr1,713249,713268,TAACATAAAGTGCTCCGCC,-,0.133459,chr1,714276,714295,GTCGTAAAGCTCCTCCTCG,-,0.325527,promoter
Zhang_514_Zhang_242,0,0,,NA,0,0,GGCACCTGTTAGGCTATTC,.,0.109656,NA,0,0,CACTGGTAAAGGCTAGACT,.,-0.070251,nontarget
CTRL0098_Zhang_783,0,0,,NA,0,0,TATACTAGCTAACCACACG,.,0.220473,NA,0,0,ATTCATACTAAACACTCTA,.,-0.283255,nontarget
ENSG00000228327_p714006_dist1739,1739,200.0,+GOODDIST;+TSS;,chr1,714262,714281,CCGCACATAAGCCACGAGG,+,0.911374,chr1,712504,712523,GACTGGCTTTTCAATCAAG,+,0.413453,promoter
Zhang_433_Zhang_543,0,0,,NA,0,0,TGCGTGTCTTGCTCGCATG,.,0.429919,NA,0,0,AAACAGGACGATGTGCGGC,.,-0.068653,nontarget
ENSG00000228327_dist3647,3647,500.0,+GOODDIST;+TSS;+TARGETEXON;,chr1,714276,714295,GTCGTAAAGCTCCTCCTCG,-,0.325527,chr1,710610,710629,TTAGCCAGGCGTGAAGTTG,+,0.20449,gene
Zhang_468_Zhang_647,0,0,,NA,0,0,CAATCTTGAACGTCATGTT,.,-0.200601,NA,0,0,CTACGTGTAGTTGTACATA,.,0.262744,nontarget
Zhang_275_Zhang_577,0,0,,NA,0,0,AGTAATTTCGAACGTATTG,.,0.621303,NA,0,0,ATGAGCGCATTGAATAATA,.,0.098278,nontarget
Zhang_212_CTRL0061,0,0,,NA,0,0,GAAACCCTCTTAAGTTAAC,.,0.018724,NA,0,0,TACGTGGAAGCTTGTGGCC,.,-0.35731,nontarget
Zhang_917_CTRL0047,0,0,,NA,0,0,CTGCTGCTGACATCTCTTA,.,0.321714,NA,0,0,TATGAGTCAAGCTAATGCG,.,-0.167596,nontarget
Zhang_128_Zhang_42,0,0,,NA,0,0,TAGCCCTCGATTGGTTGCG,.,0.186446,NA,0,0,TAATCCGGAAACGCTCGAC,.,-0.205662,nontarget
Zhang_726_Zhang_524,0,0,,NA,0,0,TCAAGTCAGGTTATGCGGG,.,0.298117,NA,0,0,GCCCGCCACAGAATAGCTG,.,-0.326527,nontarget
Zhang_349_CTRL0024,0,0,,NA,0,0,GCCTATGACCTAGGTACCA,.,0.019285,NA,0,0,CGGTCCTCAGTAAGCGCGT,.,-0.241865,nontarget
Zhang_302_Zhang_677,0,0,,NA,0,0,CATTCCGTAAGGGCTTGGA,.,0.405915,NA,0,0,GGGAATTCCTCGGCCGATT,.,0.03833,nontarget
Zhang_683_Zhang_493,0,0,,NA,0,0,CACTTTACACTTGTAGTGT,.,0.19194,NA,0,0,TTTGACTCTAATCACCGGT,.,-0.355459,nontarget
ENSG00000225880_dist3909,3909,34.04000000000002,+GOODDIST;+TSSNEARBY;+TARGETEXON;,chr1,720378,720397,ATGAGAAAAAACCAAACTG,+,1.100665,chr1,724306,724325,GAACGGAATGGACTTGAGT,+,0.329335,gene
Zhang_661_Zhang_227,0,0,,NA,0,0,GTGCGTGAAATCGCTAGCT,.,-0.311452,NA,0,0,ATTAGTCTGATACCTGTGC,.,0.032497,nontarget
Zhang_289_Zhang_525,0,0,,NA,0,0,GGACTGATATATGGCGAAC,.,0.092208,NA,0,0,GATACCTGGGCCGACTTTC,.,-0.188749,nontarget
Zhang_854_Zhang_289,0,0,,NA,0,0,CAAAAAACTACGGTGATTA,.,0.769171,NA,0,0,GGACTGATATATGGCGAAC,.,0.092208,nontarget
Zhang_789_Zhang_83,0,0,,NA,0,0,TGATAATGATGTATTCTCG,.,0.378069,NA,0,0,TACCATTGCCGGCTCCCTA,.,0.077168,nontarget
Zhang_607_CTRL0016,0,0,,NA,0,0,ACGCCAACTAAAACTGCAG,.,-0.092008,NA,0,0,CAGCTCGTGTGTCGTACTC,.,-0.22463,nontarget
Zhang_561_Zhang_649,0,0,,NA,0,0,GCCACAAAAACTCGCTAAG,.,0.40413,NA,0,0,TCAGCGAGTGTGACTAAGC,.,0.041025,nontarget
Zhang_178_Zhang_797,0,0,,NA,0,0,GGATGCTGAACAAGTACGT,.,-0.420771,NA,0,0,CGGCGTCATCCACGCGTGC,.,-0.104047,nontarget
Zhang_647_Zhang_411,0,0,,NA,0,0,CTACGTGTAGTTGTACATA,.,0.262744,NA,0,0,CGGCTACAATCTTTGGCAT,.,-0.486288,nontarget
Zhang_202_Zhang_436,0,0,,NA,0,0,GAGCATTCGTAGCCCAGCA,.,0.368575,NA,0,0,GCACATCTAAAGTTACTAC,.,-0.0642,nontarget
Zhang_458_Zhang_731,0,0,,NA,0,0,ACACTATCCAACCCAAGAG,.,0.174393,NA,0,0,AGAGTGCGCCTTGATAGTA,.,0.000716,nontarget
Zhang_387_Zhang_297,0,0,,NA,0,0,TCGCACCATTGAGGGTAGT,.,0.408967,NA,0,0,AACGACGGGCCTAGTCTCA,.,0.610091,nontarget
Zhang_394_Zhang_245,0,0,,NA,0,0,CCAGGGTTCTTGGTCCCGA,.,-0.084882,NA,0,0,CTCGAAATCACCTATGGTA,.,0.022483,nontarget
Zhang_661_Zhang_77,0,0,,NA,0,0,ATTAGTCTGATACCTGTGC,.,0.032497,NA,0,0,TAGACGTCGTGAGCTTCAC,.,-0.27341,nontarget
ENSG00000223883_p69521581_dist1044,1044,300.0,+GOODDIST;+5UTR;+TSS;,chr1,69520889,69520908,AAAGAACTGAATCTGAAGG,-,0.812105,chr1,69521952,69521971,ACCTAAAATATTCATCCAC,-,0.250186,promoter
Zhang_692_Zhang_700,0,0,,NA,0,0,AACGTCCAAGCAAGGGAGC,.,-0.046069,NA,0,0,TTCATTTCCAAGTCCGCTG,.,-0.308982,nontarget
Zhang_43_Zhang_45,0,0,,NA,0,0,GGGCCTATAACACCATCGA,.,-0.124119,NA,0,0,GCCGGGCTGACAATTAACG,.,-0.12393,nontarget
Zhang_291_Zhang_459,0,0,,NA,0,0,GATTTGTCGCTTGCCACAC,.,-0.447347,NA,0,0,AGGTTTGCACGCATAGCTA,.,-0.017076,nontarget
Zhang_397_Zhang_801,0,0,,NA,0,0,TGTACGGTACTGGCTTTGT,.,0.26314,NA,0,0,TCATGAGTCGTTTCTTTCA,.,0.53293,nontarget
Zhang_672_CTRL0056,0,0,,NA,0,0,TGCACAACACGATCCACGA,.,0.320447,NA,0,0,ATCTTACTCGTCCTCCTTG,.,0.18144,nontarget
Zhang_468_CTRL0088,0,0,,NA,0,0,CGGAGAGCATTGACCTCAT,.,-0.220485,NA,0,0,CAATCTTGAACGTCATGTT,.,-0.200601,nontarget
CTRL0100_CTRL0057,0,0,,NA,0,0,AGCACTTGCATGAGGCGGT,.,0.307903,NA,0,0,CACAATGTTGACGTAAGTG,.,0.183454,nontarget
Zhang_931_Zhang_621,0,0,,NA,0,0,AGTGTAAGCTAACACTCTG,.,-0.332626,NA,0,0,AAATTCAGACCACAGCTAA,.,0.322849,nontarget
Zhang_440_Zhang_46,0,0,,NA,0,0,ATGCGAGTGTATCCGCAGT,.,0.300484,NA,0,0,GCCGTTCCGAGATACTTGA,.,0.436947,nontarget
CTRL0054_Zhang_151,0,0,,NA,0,0,CCGCAATATATGCGGTAAG,.,0.612825,NA,0,0,GACGCGATAGAGTTGGCTT,.,-0.206846,nontarget
Zhang_470_Zhang_179,0,0,,NA,0,0,GGTATAGACGCGATCCTCA,.,0.369483,NA,0,0,CCAGGGTATGGGCATCTCG,.,0.025235,nontarget
ENSG00000234264_p68962359_dist1212,1212,310.0,+ORI;+GOODDIST;+5UTR;+TSS;,chr1,68961175,68961194,ACAGCTAAGTGATGAACCT,+,0.01872,chr1,68962406,68962425,GCGCTTCCTTTCGGACCTG,+,0.107214,promoter
ENSG00000223883_p69521581_dist1198,1198,300.0,+GOODDIST;+5UTR;+TSS;,chr1,69520522,69520541,AAGGAAGTCTACTGGGAAT,-,0.036153,chr1,69521739,69521758,CAGTCTTTACTCTCTGAGC,-,0.159782,promoter
Zhang_905_Zhang_123,0,0,,NA,0,0,GTACCCCTAGGTATGGGGA,.,0.307091,NA,0,0,GGCCACGAATTCCGCCGCC,.,-0.170968,nontarget
Zhang_674_Zhang_571,0,0,,NA,0,0,AGCTCGAGTCATTTCTCTA,.,-0.00632,NA,0,0,TGCGCAGCTCCAGAATTTT,.,-0.148674,nontarget
Zhang_817_CTRL0047,0,0,,NA,0,0,TATGAGTCAAGCTAATGCG,.,-0.167596,NA,0,0,GTAGTCTGGGGTAGACTCC,.,0.178252,nontarget
Zhang_992_Zhang_526,0,0,,NA,0,0,AAGAAAGAGGAATAGTAGC,.,0.134651,NA,0,0,TCCGTTATGTGGCATGAGA,.,0.463216,nontarget
Zhang_394_Zhang_513,0,0,,NA,0,0,TAATTTGGGTGGGCCCTGC,.,0.252132,NA,0,0,CCAGGGTTCTTGGTCCCGA,.,-0.084882,nontarget
Zhang_230_Zhang_828,0,0,,NA,0,0,TTATTACTCCAGTATAAGA,.,0.047697,NA,0,0,GAGCGTCTTCGTGACAAAC,.,-0.385011,nontarget
Zhang_245_CTRL0061,0,0,,NA,0,0,CTCGAAATCACCTATGGTA,.,0.022483,NA,0,0,TACGTGGAAGCTTGTGGCC,.,-0.35731,nontarget
Zhang_801_CTRL0059,0,0,,NA,0,0,TCATGAGTCGTTTCTTTCA,.,0.53293,NA,0,0,TCGGTGATCCAACGTATCG,.,0.401036,nontarget
Zhang_78_CTRL0079,0,0,,NA,0,0,CGCGGACATAGGGCTCTAA,.,0.696493,NA,0,0,TAGCGAAGACTTGCCGACG,.,0.240826,nontarget
Zhang_449_Zhang_651,0,0,,NA,0,0,ATGGCCTACGGTGTCTTTG,.,0.271218,NA,0,0,AAAAGTCTCGCTTGGTCCT,.,-0.41883,nontarget
Zhang_784_CTRL0007,0,0,,NA,0,0,TTTATAAACACAGGGTCGC,.,-0.338233,NA,0,0,ATACACGAAGCATCACTAG,.,0.128175,nontarget
Zhang_817_Zhang_521,0,0,,NA,0,0,GTAGTCTGGGGTAGACTCC,.,0.178252,NA,0,0,TTCCCCGGGAAGTCTATGC,.,0.044704,nontarget
ENSG00000228327_dist3623,3623,500.0,+GOODDIST;+TSS;+TARGETEXON;,chr1,714259,714278,CCGCCGCACATAAGCCACG,+,0.454442,chr1,710617,710636,CTCACCGCAACTTCACGCC,-,0.286153,gene
CTRL0071_Zhang_817,0,0,,NA,0,0,ATCCTGATCCGGCGGCGCG,.,0.24919,NA,0,0,GTAGTCTGGGGTAGACTCC,.,0.178252,nontarget
Zhang_137_Zhang_299,0,0,,NA,0,0,GGAAATCGACTGTGCGCTT,.,-0.168748,NA,0,0,ATATCCCGCGAAAAAATCT,.,-0.383333,nontarget
Zhang_942_Zhang_95,0,0,,NA,0,0,CAAGGTCATGAAACCAAGC,.,-0.134311,NA,0,0,CCGTGTTGCTGGATACGCC,.,-0.331258,nontarget
Zhang_734_Zhang_93,0,0,,NA,0,0,AAATCGATGGGCTGAATCT,.,0.502516,NA,0,0,GCGGCGTAATGCTTGAAAG,.,0.356169,nontarget
CTRL0035_Zhang_524,0,0,,NA,0,0,AATCCAGTGGCGGCGACAA,.,0.182445,NA,0,0,TCAAGTCAGGTTATGCGGG,.,0.298117,nontarget
Zhang_166_CTRL0036,0,0,,NA,0,0,TATATTGTCGCGCAGTGGA,.,0.094192,NA,0,0,CACTGTCAGTGCAACGATA,.,0.283602,nontarget
Zhang_746_Zhang_919,0,0,,NA,0,0,AGCCTATTTTGCTACCTAC,.,-0.085929,NA,0,0,TCTACAATCCAGCCCTCTA,.,0.2268,nontarget
Zhang_783_Zhang_565,0,0,,NA,0,0,ATTCATACTAAACACTCTA,.,-0.283255,NA,0,0,CTAAGGGGTACCACCATGG,.,0.126864,nontarget
Zhang_415_Zhang_618,0,0,,NA,0,0,TCGTGGTAGGTATAACTAT,.,0.054431,NA,0,0,GCATTCTCACCAAGACCGA,.,-0.077889,nontarget
Zhang_313_Zhang_34,0,0,,NA,0,0,CTTCAGTTCGGCGTAGTCA,.,0.411083,NA,0,0,TCCTCATCCGGTCAGGCTG,.,-0.20958,nontarget
Zhang_724_Zhang_607,0,0,,NA,0,0,AGTTTCTAGTAGTGGTAGG,.,0.56862,NA,0,0,ACGCCAACTAAAACTGCAG,.,-0.092008,nontarget
ENSG00000234264_dist3984,3984,129.05,+GOODDIST;+TSSNEARBY;+TARGETEXON;,chr1,68991435,68991454,CTTCAGTCTCCCAAAGACA,+,0.522341,chr1,68995438,68995457,GGGTCGCTTATTTAAGGTC,-,0.279962,gene
Zhang_51_Zhang_847,0,0,,NA,0,0,TCCCAGTACCAGTCAGTTC,.,0.080484,NA,0,0,CGATCGAGGTTGCATTCGG,.,-0.329991,nontarget
Zhang_617_Zhang_207,0,0,,NA,0,0,GGACATCCTTGCCGTCTCA,.,0.626267,NA,0,0,TTCCGTGAGGGTTACTTCA,.,0.25325,nontarget
Zhang_517_Zhang_859,0,0,,NA,0,0,CTGAAAAATAGGCCCAACC,.,0.051124,NA,0,0,TGTCCACCTACAGCGATGT,.,0.171731,nontarget
Zhang_578_Zhang_239,0,0,,NA,0,0,ACTTTGGTTGAGCTTCAAT,.,0.012079,NA,0,0,TGACATTGCGCGTCTACGG,.,-0.320749,nontarget
Zhang_46_Zhang_588,0,0,,NA,0,0,GCCGTTCCGAGATACTTGA,.,0.436947,NA,0,0,AACCCAACCTTTTACCGCA,.,0.062236,nontarget
Zhang_726_Zhang_855,0,0,,NA,0,0,GACACATTGGCTGGGTGTT,.,0.3766,NA,0,0,GCCCGCCACAGAATAGCTG,.,-0.326527,nontarget
Zhang_297_Zhang_23,0,0,,NA,0,0,CGCGCTTGGGTTATACGCT,.,-0.064414,NA,0,0,AACGACGGGCCTAGTCTCA,.,0.610091,nontarget
ENSG00000225880_dist3861,3861,42.639999999999986,+GOODDIST;+TSSNEARBY;+TARGETEXON;,chr1,721286,721305,CACCAAAGGAGGAAGCCCT,-,0.09067,chr1,725166,725185,GAATGGAAAGGACTCGAGT,+,0.458453,gene
Zhang_617_Zhang_744,0,0,,NA,0,0,GAGCATGATGACCCGTGAC,.,0.005097,NA,0,0,GGACATCCTTGCCGTCTCA,.,0.626267,nontarget
ENSG00000234264_p68962359_dist1119,1119,310.0,+ORI;+GOODDIST;+5UTR;+TSS;,chr1,68961236,68961255,TGAGCTGCTCACTCTGTAC,+,0.028975,chr1,68962374,68962393,CCTCATAGCGAGTCTGGTG,+,0.321916,promoter
Zhang_464_Zhang_25,0,0,,NA,0,0,CTACTGGCTATCCGCGCCA,.,-0.167177,NA,0,0,ATCGACTCGAACTTCGTGT,.,0.222959,nontarget
CTRL0014_Zhang_12,0,0,,NA,0,0,CGGTGTATGACAACCGCCG,.,-0.379011,NA,0,0,TTACAATCGTCGGTCCAAT,.,0.00027,nontarget
ENSG00000223883_p69521581_dist1796,1796,300.0,+GOODDIST;+5UTR;+TSS;,chr1,69519785,69519804,GGTGAGGACAACAGAAATA,-,0.012751,chr1,69521600,69521619,ATTTGGACTTTCAAAGAAC,-,0.054513,promoter
Zhang_525_CTRL0032,0,0,,NA,0,0,CGTCTCACTCACTCCATCG,.,0.246125,NA,0,0,GATACCTGGGCCGACTTTC,.,-0.188749,nontarget
Zhang_4_Zhang_628,0,0,,NA,0,0,TAGGCGCGCCGCTCTCTAC,.,0.07792,NA,0,0,AGACCTAGCTCCGCTCCCA,.,-0.248049,nontarget
Zhang_514_Zhang_565,0,0,,NA,0,0,CACTGGTAAAGGCTAGACT,.,-0.070251,NA,0,0,CTAAGGGGTACCACCATGG,.,0.126864,nontarget
Zhang_498_Zhang_211,0,0,,NA,0,0,CGCTCAGCACCCGCTATGC,.,-0.06154,NA,0,0,TCCCGTGATTTTAGCCAGG,.,0.310343,nontarget
ENSG00000234264_p68962359_dist1040,1040,310.0,+ORI;+GOODDIST;+5UTR;+TSS;,chr1,68961347,68961366,TGGCTTTAAGAACAGGCTC,+,0.099597,chr1,68962406,68962425,GCGCTTCCTTTCGGACCTG,+,0.107214,promoter
Zhang_456_Zhang_591,0,0,,NA,0,0,GAGCAAAGATTGTTGGATA,.,0.752925,NA,0,0,TCCTGCCCGAACTGCAGAA,.,0.499523,nontarget
Zhang_543_Zhang_651,0,0,,NA,0,0,AAACAGGACGATGTGCGGC,.,-0.068653,NA,0,0,AAAAGTCTCGCTTGGTCCT,.,-0.41883,nontarget
ENSG00000237491_dist4284,4284,481.6,+ORI;+GOODDIST;NDIST;+TSS;+TARGETEXON;,chr1,720003,720022,TTCCAACAGGCCAAATATG,+,0.119366,chr1,724306,724325,GAACGGAATGGACTTGAGT,+,0.329335,gene
Zhang_688_Zhang_613,0,0,,NA,0,0,GATCTAGCTACCTCAAAAG,.,0.11193,NA,0,0,TTGAGAATTCGTTTCAAGG,.,0.351161,nontarget
Zhang_498_Zhang_689,0,0,,NA,0,0,TCCCGTGATTTTAGCCAGG,.,0.310343,NA,0,0,ATCATAAATGTACAACGGG,.,-0.033797,nontarget
ENSG00000223883_dist3150,3150,600.0,+GOODDIST;+5UTR;+TSS;+TARGETEXON;,chr1,69518547,69518566,AATTCAAGCATCTGGCAAT,-,0.062121,chr1,69521716,69521735,CCTACCTTTAAGATGCAGA,-,0.454347,gene
Zhang_196_CTRL0100,0,0,,NA,0,0,TCCAGATCACCACGCGTCA,.,0.54182,NA,0,0,AGCACTTGCATGAGGCGGT,.,0.307903,nontarget
Zhang_503_Zhang_525,0,0,,NA,0,0,GTCTCACCTGCACCCCGAA,.,0.088693,NA,0,0,GATACCTGGGCCGACTTTC,.,-0.188749,nontarget
Zhang_923_Zhang_859,0,0,,NA,0,0,CCCTGCATTCATGGTTTTA,.,0.759206,NA,0,0,CTGAAAAATAGGCCCAACC,.,0.051124,nontarget
CTRL0035_Zhang_580,0,0,,NA,0,0,GAACCCTCCCTGCGATAGA,.,0.548861,NA,0,0,AATCCAGTGGCGGCGACAA,.,0.182445,nontarget
ENSG00000223883_dist3086,3086,600.0,+GOODDIST;+5UTR;+TSS;+TARGETEXON;,chr1,69518544,69518563,TCAAGCATCTGGCAATAGG,-,0.417019,chr1,69521649,69521668,CAGTAATTTGTTCAAGAGT,-,0.59955,gene
Zhang_582_Zhang_649,0,0,,NA,0,0,ATCATAATCGCTTCAAGCA,.,0.177264,NA,0,0,TCAGCGAGTGTGACTAAGC,.,0.041025,nontarget
Zhang_511_Zhang_282,0,0,,NA,0,0,TTAGCTGACCGACAAGGTG,.,-0.208565,NA,0,0,ACGTAAGTGACGACAGGAA,.,0.444724,nontarget
Zhang_529_Zhang_205,0,0,,NA,0,0,CAAAAACCCAACGCTATTC,.,0.190483,NA,0,0,CGGGCAGAACGACCCTGAC,.,-0.007095,nontarget
Zhang_291_Zhang_898,0,0,,NA,0,0,GTTTTGCATGTTGCATAGG,.,0.027042,NA,0,0,AGGTTTGCACGCATAGCTA,.,-0.017076,nontarget
Zhang_423_Zhang_994,0,0,,NA,0,0,ACCCGGAACCACTACTGAG,.,-0.131432,NA,0,0,GAAGAAAAAAATGTCTACG,.,0.244034,nontarget
Zhang_387_Zhang_41,0,0,,NA,0,0,ATGGCGCTTCAGTCGTCGG,.,-0.305207,NA,0,0,TCGCACCATTGAGGGTAGT,.,0.408967,nontarget
Zhang_692_Zhang_611,0,0,,NA,0,0,TGCGCATGGGCTGATGTTA,.,0.396938,NA,0,0,AACGTCCAAGCAAGGGAGC,.,-0.046069,nontarget
Zhang_428_CTRL0049,0,0,,NA,0,0,TTACCTTCGCTCGTCTATA,.,0.361379,NA,0,0,AGTCTCACCTGATGGCGTG,.,0.508465,nontarget
Zhang_120_Zhang_292,0,0,,NA,0,0,CAAACCCGAGTGACACGTC,.,-0.165822,NA,0,0,GCCGTCGTATTCCCCCAAG,.,0.207114,nontarget
Zhang_330_Zhang_370,0,0,,NA,0,0,TTGGGTTTATCCGCCCCCA,.,-0.440392,NA,0,0,CAGCCCTCACGAGCCCGAA,.,0.405915,nontarget
Zhang_671_Zhang_110,0,0,,NA,0,0,TGTAAATCTGTCCAAGTAG,.,0.304854,NA,0,0,TTGTTGCGTATACGAGACT,.,-0.12423,nontarget
Zhang_313_Zhang_306,0,0,,NA,0,0,GTTGGGCATAGCGAACACT,.,-0.443397,NA,0,0,TCCTCATCCGGTCAGGCTG,.,-0.20958,nontarget
CTRL0044_Zhang_783,0,0,,NA,0,0,CGTTAGTCACTTAGCTCGA,.,0.164778,NA,0,0,ATTCATACTAAACACTCTA,.,-0.283255,nontarget
ENSG00000223883_p69521581_dist1362,1362,300.0,+GOODDIST;+5UTR;+TSS;,chr1,69520571,69520590,TAGGCAAAATTTCTAAGGA,-,0.501342,chr1,69521952,69521971,ACCTAAAATATTCATCCAC,-,0.250186,promoter
Zhang_982_Zhang_463,0,0,,NA,0,0,TCAGTGGATACGATTTGCT,.,-0.415566,NA,0,0,TTTTAATACAAGGTAATCT,.,0.023149,nontarget
Zhang_267_Zhang_191,0,0,,NA,0,0,TCGGCCCACTTGCGTTATA,.,0.503768,NA,0,0,AATCATGCACATTCGGGAC,.,-0.025386,nontarget
Zhang_224_Zhang_226,0,0,,NA,0,0,CGTCTCCGCATCGTCTTTT,.,0.059729,NA,0,0,GTCATTAGCGTAACGATAT,.,0.413403,nontarget
Zhang_224_CTRL0036,0,0,,NA,0,0,CACTGTCAGTGCAACGATA,.,0.283602,NA,0,0,GTCATTAGCGTAACGATAT,.,0.413403,nontarget
Zhang_741_Zhang_565,0,0,,NA,0,0,GCCCACTTAGCAACACTCT,.,-0.029464,NA,0,0,CTAAGGGGTACCACCATGG,.,0.126864,nontarget
Zhang_403_Zhang_588,0,0,,NA,0,0,AATTGGCTTTCGTTCGTGC,.,-0.306867,NA,0,0,AACCCAACCTTTTACCGCA,.,0.062236,nontarget
Zhang_468_Zhang_324,0,0,,NA,0,0,ACCGCAAAGTGGTCCGAAG,.,0.613362,NA,0,0,CAATCTTGAACGTCATGTT,.,-0.200601,nontarget
Zhang_834_Zhang_330,0,0,,NA,0,0,GTAGATATAGGGTGTCTAC,.,0.328583,NA,0,0,TTGGGTTTATCCGCCCCCA,.,-0.440392,nontarget
ENSG00000223883_p69521581_dist1415,1415,300.0,+GOODDIST;+5UTR;+TSS;,chr1,69520480,69520499,GAGAATAAACTATAAAGAC,-,0.465679,chr1,69521914,69521933,TTAGTATACATCCACCCTA,-,0.261601,promoter
Zhang_674_CTRL0085,0,0,,NA,0,0,CGACTAGCGCCATGAGCGG,.,-0.086645,NA,0,0,TGCGCAGCTCCAGAATTTT,.,-0.148674,nontarget
Zhang_982_Zhang_123,0,0,,NA,0,0,GGCCACGAATTCCGCCGCC,.,-0.170968,NA,0,0,TTTTAATACAAGGTAATCT,.,0.023149,nontarget
ENSG00000223883_dist3830,3830,600.0,+GOODDIST;+5UTR;+TSS;+TARGETEXON;,chr1,69519462,69519481,TTACCAAACCAATCCACTT,-,0.0809,chr1,69523311,69523330,TAGAACAGAGCTAATGTGG,-,0.835755,gene
Zhang_296_CTRL0040,0,0,,NA,0,0,GATGCACTCCATCTCGTCT,.,0.019157,NA,0,0,CCTATCGGCATTCCCACTG,.,-0.173637,nontarget
Zhang_834_Zhang_688,0,0,,NA,0,0,TTGAGAATTCGTTTCAAGG,.,0.351161,NA,0,0,GTAGATATAGGGTGTCTAC,.,0.328583,nontarget
ENSG00000237491_p721180_dist1274,1274,300.0,+GOODDIST;+5UTR;+TSS;,chr1,721296,721315,AATTTTGAAGCACCAAAGG,-,0.800471,chr1,720003,720022,TTCCAACAGGCCAAATATG,+,0.119366,promoter
Zhang_190_Zhang_604,0,0,,NA,0,0,GGCGCCAACATTGACCGTA,.,0.132927,NA,0,0,ATGTGATCTATGGTTGCGA,.,-0.123861,nontarget
Zhang_561_Zhang_130,0,0,,NA,0,0,AACGCGCATATCTGAACAC,.,-0.492489,NA,0,0,GCCACAAAAACTCGCTAAG,.,0.40413,nontarget
Zhang_257_Zhang_130,0,0,,NA,0,0,CTGATATATACGACAAGCC,.,-0.475553,NA,0,0,AACGCGCATATCTGAACAC,.,-0.492489,nontarget
Zhang_726_Zhang_58,0,0,,NA,0,0,GCCCGCCACAGAATAGCTG,.,-0.326527,NA,0,0,GACACGTCACCGGTCAAAA,.,0.256345,nontarget
ENSG00000225880_dist3019,3019,34.04000000000002,+GOODDIST;+TSSNEARBY;+TARGETEXON;,chr1,721268,721287,CTTCACTATCTTCTACCAA,+,0.565389,chr1,724306,724325,GAACGGAATGGACTTGAGT,+,0.329335,gene
ENSG00000228327_p714006_dist1718,1718,200.0,+GOODDIST;+TSS;,chr1,712525,712544,GACAAAATGGTACCAAGGT,+,0.351404,chr1,714262,714281,CCTCGTGGCTTATGTGCGG,-,0.933447,promoter
Zhang_44_Zhang_370,0,0,,NA,0,0,GTCGCCATATGCCGGTGGC,.,0.119549,NA,0,0,CAGCCCTCACGAGCCCGAA,.,0.405915,nontarget
ENSG00000234264_dist4000,4000,127.69,+GOODDIST;+TSSNEARBY;+TARGETEXON;,chr1,68991571,68991590,GTTCCTCCGCATTTGGCAC,-,0.313087,chr1,68995590,68995609,CAATGTAGCAATGCCCTGA,-,0.032593,gene
Zhang_598_Zhang_670,0,0,,NA,0,0,AAAAAGGCGTTTGAGCGTG,.,0.196976,NA,0,0,AGACCACTTTCGTGCAAGC,.,-0.130909,nontarget
CTRL0026_Zhang_628,0,0,,NA,0,0,TCTTCCGCCGCTCAAGTTA,.,0.119772,NA,0,0,AGACCTAGCTCCGCTCCCA,.,-0.248049,nontarget
Zhang_6_CTRL0014,0,0,,NA,0,0,ACTAACGCCGCTCCTACAG,.,-0.262022,NA,0,0,CGGTGTATGACAACCGCCG,.,-0.379011,nontarget
ENSG00000223883_p69521581_dist1278,1278,300.0,+GOODDIST;+5UTR;+TSS;,chr1,69520741,69520760,AGACTAATAAAATAGAGGC,-,0.64241,chr1,69522038,69522057,TACAACTACATATGTGGCT,-,0.037409,promoter
ENSG00000223883_dist3828,3828,600.0,+GOODDIST;+5UTR;+TSS;+TARGETEXON;,chr1,69518105,69518124,TTGCTATGAGCACAGTAGC,-,0.019668,chr1,69521952,69521971,ACCTAAAATATTCATCCAC,-,0.250186,gene
Zhang_937_Zhang_781,0,0,,NA,0,0,GCCGGCTTGTGACAGTGAA,.,0.402011,NA,0,0,CAGCGAGATAACTTGACTC,.,-0.420415,nontarget
Zhang_589_Zhang_515,0,0,,NA,0,0,CCCTATGCAGACTACAATT,.,-0.129512,NA,0,0,TACACACTTATGCCATCAC,.,-0.466467,nontarget
Zhang_624_Zhang_22,0,0,,NA,0,0,AACCTCCCCGAATATCTGG,.,-0.019693,NA,0,0,GCTAGTACGCTCCTCTATA,.,0.63829,nontarget
Zhang_49_Zhang_514,0,0,,NA,0,0,GCTCCATCGCCGCGATAAT,.,0.244191,NA,0,0,CACTGGTAAAGGCTAGACT,.,-0.070251,nontarget
Zhang_178_Zhang_87,0,0,,NA,0,0,GCACGTAATGTCCGTGGAT,.,0.190215,NA,0,0,CGGCGTCATCCACGCGTGC,.,-0.104047,nontarget
Zhang_811_Zhang_142,0,0,,NA,0,0,CTTTTTCCAGCGAGAGCAA,.,-0.23212,NA,0,0,GCCGTGAAAAGACGCTGCG,.,0.259654,nontarget
Zhang_743_Zhang_297,0,0,,NA,0,0,GCCTCTCCCTTACCCGGAC,.,-0.298159,NA,0,0,AACGACGGGCCTAGTCTCA,.,0.610091,nontarget
Zhang_618_Zhang_604,0,0,,NA,0,0,GCATTCTCACCAAGACCGA,.,-0.077889,NA,0,0,ATGTGATCTATGGTTGCGA,.,-0.123861,nontarget
Zhang_81_Zhang_892,0,0,,NA,0,0,ACCCCCGATAACTTTTGAC,.,-0.300975,NA,0,0,ACCTTCATTGAAGAAAAGC,.,-0.2944,nontarget
ENSG00000228327_dist3633,3633,500.0,+GOODDIST;+TSS;+TARGETEXON;,chr1,714262,714281,CCTCGTGGCTTATGTGCGG,-,0.933447,chr1,710610,710629,TTAGCCAGGCGTGAAGTTG,+,0.20449,gene
Zhang_901_Zhang_80,0,0,,NA,0,0,TTCGCTTCGTAACGAGGAA,.,0.482516,NA,0,0,AATAATATGCATCTCTCGA,.,0.254206,nontarget
Zhang_547_Zhang_841,0,0,,NA,0,0,AAATTATCGGAAACGGTAG,.,0.698182,NA,0,0,GGACACAGGATACGCAGCT,.,0.237601,nontarget
ENSG00000223883_dist3658,3658,600.0,+GOODDIST;+5UTR;+TSS;+TARGETEXON;,chr1,69518237,69518256,CATCAATCACTAAATAACA,-,0.331939,chr1,69521914,69521933,TTAGTATACATCCACCCTA,-,0.261601,gene
Zhang_69_Zhang_172,0,0,,NA,0,0,AGGCGCCCGTAGCATTGGA,.,0.082431,NA,0,0,TTCGACGCCATCGTGCTCA,.,0.441951,nontarget
Zhang_708_Zhang_274,0,0,,NA,0,0,GTTGAATGGACCTCGACTA,.,0.158264,NA,0,0,GTAGTAAATATCTAGCTAA,.,0.483974,nontarget
Zhang_207_Zhang_507,0,0,,NA,0,0,TTCCGTGAGGGTTACTTCA,.,0.25325,NA,0,0,TTACGAAGTATACCAGGTC,.,-0.135961,nontarget
ENSG00000234264_dist3987,3987,127.56,+GOODDIST;+TSSNEARBY;+TARGETEXON;,chr1,68995590,68995609,CAATGTAGCAATGCCCTGA,-,0.032593,chr1,68991584,68991603,AGGAACTCCCTAGATGCCA,+,0.320585,gene
Zhang_463_Zhang_317,0,0,,NA,0,0,GAATCGTAACCTCGCCATT,.,0.014429,NA,0,0,TCAGTGGATACGATTTGCT,.,-0.415566,nontarget
Zhang_892_Zhang_769,0,0,,NA,0,0,ACCTTCATTGAAGAAAAGC,.,-0.2944,NA,0,0,TCCTAGAGTTGGCAGACGC,.,-0.464599,nontarget
Zhang_302_Zhang_255,0,0,,NA,0,0,GGGAATTCCTCGGCCGATT,.,0.03833,NA,0,0,CCCTTCAATGCGTTCCGTA,.,0.181855,nontarget
Zhang_817_CTRL0064,0,0,,NA,0,0,CCATTCGGCGCGGCACTTC,.,-0.110136,NA,0,0,GTAGTCTGGGGTAGACTCC,.,0.178252,nontarget
Zhang_177_Zhang_651,0,0,,NA,0,0,GGCGTGTATGTTCGTATTG,.,0.494173,NA,0,0,AAAAGTCTCGCTTGGTCCT,.,-0.41883,nontarget
CTRL0076_Zhang_174,0,0,,NA,0,0,TGTAATTGCGTCTAGTCGG,.,-0.229336,NA,0,0,AGTGTCCGAGCGATATTTT,.,-0.053932,nontarget
Zhang_617_Zhang_994,0,0,,NA,0,0,GAAGAAAAAAATGTCTACG,.,0.244034,NA,0,0,GGACATCCTTGCCGTCTCA,.,0.626267,nontarget
Zhang_37_Zhang_565,0,0,,NA,0,0,CTAAGGGGTACCACCATGG,.,0.126864,NA,0,0,GTGGCCGGAACCGTCATAG,.,-0.001335,nontarget
CTRL0099_Zhang_837,0,0,,NA,0,0,TGGAAGAGCGTCATGACTT,.,-0.058153,NA,0,0,AATCGGAATAGTTGATTCG,.,0.468842,nontarget
Zhang_560_Zhang_515,0,0,,NA,0,0,TATTAAGATGCGTCTTAGA,.,0.453612,NA,0,0,CCCTATGCAGACTACAATT,.,-0.129512,nontarget
Zhang_66_Zhang_403,0,0,,NA,0,0,GCTCGCCATGTCGGTTCTC,.,-0.487846,NA,0,0,AATTGGCTTTCGTTCGTGC,.,-0.306867,nontarget
Zhang_458_CTRL0007,0,0,,NA,0,0,ATACACGAAGCATCACTAG,.,0.128175,NA,0,0,AGAGTGCGCCTTGATAGTA,.,0.000716,nontarget
Zhang_602_CTRL0032,0,0,,NA,0,0,GAGAGGGCCCGCGAACTCA,.,0.287718,NA,0,0,CGTCTCACTCACTCCATCG,.,0.246125,nontarget
Zhang_675_Zhang_49,0,0,,NA,0,0,GTCCCTCAGGGTGCAACTT,.,-0.332884,NA,0,0,GCTCCATCGCCGCGATAAT,.,0.244191,nontarget
ENSG00000234264_p68962359_dist1088,1088,310.0,+ORI;+GOODDIST;+5UTR;+TSS;,chr1,68961299,68961318,ACTAAGGGAGATTACAGAA,+,0.557228,chr1,68962406,68962425,GCGCTTCCTTTCGGACCTG,+,0.107214,promoter
Zhang_128_Zhang_733,0,0,,NA,0,0,AGTCGTTTCTATGGGATCT,.,0.295585,NA,0,0,TAGCCCTCGATTGGTTGCG,.,0.186446,nontarget
ENSG00000223883_dist3242,3242,600.0,+GOODDIST;+5UTR;+TSS;+TARGETEXON;,chr1,69523028,69523047,ACAGTGGAATTTACTGCAC,-,0.122412,chr1,69519767,69519786,AAGGGAGTTAGGAATCAAA,-,0.666557,gene
Zhang_146_Zhang_229,0,0,,NA,0,0,GTCCAGAAGAACGGCCCCT,.,-0.246984,NA,0,0,GAATCGGAACTTTGTACCG,.,-0.291913,nontarget
ENSG00000225880_dist4532,4532,34.94999999999999,+GOODDIST;NDIST;+TSSNEARBY;+TARGETEXON;,chr1,729717,729736,TTCACATGCAGGTAGCGGC,-,0.289574,chr1,725166,725185,GAATGGAAAGGACTCGAGT,+,0.458453,gene
Zhang_78_Zhang_436,0,0,,NA,0,0,GCACATCTAAAGTTACTAC,.,-0.0642,NA,0,0,CGCGGACATAGGGCTCTAA,.,0.696493,nontarget
Zhang_693_Zhang_508,0,0,,NA,0,0,GGTGGTCATTCTCTACTTG,.,0.019949,NA,0,0,TAGCTGCTGTAAATCGCAT,.,-0.416983,nontarget
Zhang_297_Zhang_253,0,0,,NA,0,0,CGTAAACACACGACCAAGT,.,0.068039,NA,0,0,AACGACGGGCCTAGTCTCA,.,0.610091,nontarget
ENSG00000225880_dist3851,3851,42.639999999999986,+GOODDIST;+TSSNEARBY;+TARGETEXON;,chr1,725166,725185,GAATGGAAAGGACTCGAGT,+,0.458453,chr1,721296,721315,AATTTTGAAGCACCAAAGG,-,0.800471,gene
ENSG00000223883_dist3817,3817,600.0,+GOODDIST;+5UTR;+TSS;+TARGETEXON;,chr1,69518712,69518731,ACATAGAAAAGTTATATGG,-,0.75622,chr1,69522548,69522567,TAAGTGTAAAATGCACCCC,-,0.45432,gene
ENSG00000223883_p69521581_dist1410,1410,300.0,+GOODDIST;+5UTR;+TSS;,chr1,69520609,69520628,TCCAGATACATGAAGACCA,-,0.502598,chr1,69522038,69522057,TACAACTACATATGTGGCT,-,0.037409,promoter
CTRL0081_Zhang_882,0,0,,NA,0,0,AGGCAAGCCGTTAGGTGTA,.,0.774303,NA,0,0,ACTACAAGTAAAAGTATCG,.,0.577691,nontarget
Zhang_672_Zhang_604,0,0,,NA,0,0,ATCTTACTCGTCCTCCTTG,.,0.18144,NA,0,0,ATGTGATCTATGGTTGCGA,.,-0.123861,nontarget
Zhang_858_Zhang_621,0,0,,NA,0,0,TGGCCTGGAATTTAGGATC,.,-0.257002,NA,0,0,AGTGTAAGCTAACACTCTG,.,-0.332626,nontarget
Zhang_503_Zhang_83,0,0,,NA,0,0,TACCATTGCCGGCTCCCTA,.,0.077168,NA,0,0,GTCTCACCTGCACCCCGAA,.,0.088693,nontarget
Zhang_577_Zhang_779,0,0,,NA,0,0,ATGAGCGCATTGAATAATA,.,0.098278,NA,0,0,GACTTTAGTTCCAGTGGTT,.,0.011309,nontarget
Zhang_854_Zhang_151,0,0,,NA,0,0,GACGCGATAGAGTTGGCTT,.,-0.206846,NA,0,0,CAAAAAACTACGGTGATTA,.,0.769171,nontarget
Zhang_376_Zhang_883,0,0,,NA,0,0,CAGCAATACCCCGGTATGG,.,0.441186,NA,0,0,TATATGGTTTTAAACGGCT,.,-0.405403,nontarget
Zhang_738_Zhang_11,0,0,,NA,0,0,GCGGAAATTTTACCGACGA,.,0.374189,NA,0,0,AGTTCTAATCGTTCCTTGA,.,0.723783,nontarget
Zhang_370_Zhang_123,0,0,,NA,0,0,CAGCCCTCACGAGCCCGAA,.,0.405915,NA,0,0,GGCCACGAATTCCGCCGCC,.,-0.170968,nontarget
Zhang_12_Zhang_507,0,0,,NA,0,0,TTACAATCGTCGGTCCAAT,.,0.00027,NA,0,0,TTACGAAGTATACCAGGTC,.,-0.135961,nontarget
Zhang_337_Zhang_286,0,0,,NA,0,0,CTGACGATTAATGCTTCTA,.,0.012376,NA,0,0,GACTCGGGCAATATCGGTT,.,-0.104365,nontarget
Zhang_318_Zhang_261,0,0,,NA,0,0,TCGGTACCTCTTCACATAT,.,-0.049622,NA,0,0,AGAAGGGCCGTACCCGAAA,.,0.530565,nontarget
Zhang_647_Zhang_409,0,0,,NA,0,0,TAGCAGGACGAGGTTCCTT,.,-0.372004,NA,0,0,CTACGTGTAGTTGTACATA,.,0.262744,nontarget
ENSG00000234264_p68962359_dist1112,1112,310.0,+ORI;+GOODDIST;+5UTR;+TSS;,chr1,68961243,68961262,CTCACTCTGTACTGGCCTG,+,0.239418,chr1,68962374,68962393,CCTCATAGCGAGTCTGGTG,+,0.321916,promoter
ENSG00000234264_p68962359_dist1303,1303,310.0,+ORI;+GOODDIST;+5UTR;+TSS;,chr1,68961084,68961103,TTACCCCAATTCTATGAAT,+,0.026391,chr1,68962406,68962425,GCGCTTCCTTTCGGACCTG,+,0.107214,promoter
Zhang_255_Zhang_755,0,0,,NA,0,0,CCCTTCAATGCGTTCCGTA,.,0.181855,NA,0,0,GAATCCGGAGCTCATGAGG,.,-0.224687,nontarget
Zhang_366_Zhang_684,0,0,,NA,0,0,TCTTAGAAGTTGCTCCACG,.,0.246669,NA,0,0,TTGCGCAATCCTTAGGATA,.,0.06,nontarget
Zhang_408_Zhang_118,0,0,,NA,0,0,CTGTCGCTATCGTTAGAGA,.,-0.00866,NA,0,0,TCTCGGGTCGACTGCGGAT,.,0.107376,nontarget
CTRL0004_Zhang_584,0,0,,NA,0,0,ATTTTGACTTGACGCAGGC,.,-0.03545,NA,0,0,CTTGAGCACATACGCGAAT,.,0.098222,nontarget
Zhang_297_Zhang_169,0,0,,NA,0,0,AACGACGGGCCTAGTCTCA,.,0.610091,NA,0,0,TAACTCGAACGCTCGAAAG,.,0.404078,nontarget
ENSG00000237491_p721180_dist2412,2412,258.8,+GOODDIST;NDIST;+5UTR;+TSS;,chr1,718865,718884,TATCACAAAATAAGCATGT,-,0.052439,chr1,721296,721315,AATTTTGAAGCACCAAAGG,-,0.800471,promoter
CTRL0014_Zhang_37,0,0,,NA,0,0,GTGGCCGGAACCGTCATAG,.,-0.001335,NA,0,0,CGGTGTATGACAACCGCCG,.,-0.379011,nontarget
Zhang_282_Zhang_919,0,0,,NA,0,0,TCTACAATCCAGCCCTCTA,.,0.2268,NA,0,0,TTAGCTGACCGACAAGGTG,.,-0.208565,nontarget
Zhang_391_Zhang_292,0,0,,NA,0,0,GTATTGTGGTGTCGTCAAC,.,0.139916,NA,0,0,GCCGTCGTATTCCCCCAAG,.,0.207114,nontarget
Zhang_530_Zhang_463,0,0,,NA,0,0,TAGGTCATCCACTGGGCGG,.,0.091418,NA,0,0,TCAGTGGATACGATTTGCT,.,-0.415566,nontarget
ENSG00000223883_dist3094,3094,600.0,+GOODDIST;+5UTR;+TSS;+TARGETEXON;,chr1,69519666,69519685,AGAGGTCTAAAAGAAAAAC,-,0.371147,chr1,69522779,69522798,GTAAGACTTTTTTTAGAGA,-,0.349537,gene
Zhang_178_Zhang_733,0,0,,NA,0,0,CGGCGTCATCCACGCGTGC,.,-0.104047,NA,0,0,AGTCGTTTCTATGGGATCT,.,0.295585,nontarget
Zhang_589_Zhang_129,0,0,,NA,0,0,TACACACTTATGCCATCAC,.,-0.466467,NA,0,0,ACGCTGTCGTACGTGTATA,.,0.604318,nontarget
Zhang_841_CTRL0059,0,0,,NA,0,0,TCGGTGATCCAACGTATCG,.,0.401036,NA,0,0,GGACACAGGATACGCAGCT,.,0.237601,nontarget
Zhang_174_Zhang_47,0,0,,NA,0,0,AGTGTCCGAGCGATATTTT,.,-0.053932,NA,0,0,GGGACGTCGCGAAAATGTA,.,0.327302,nontarget
ENSG00000234264_p68962359_dist1103,1103,310.0,+ORI;+GOODDIST;+5UTR;+TSS;,chr1,68962406,68962425,GCGCTTCCTTTCGGACCTG,+,0.107214,chr1,68961284,68961303,AGAAAGGGACTCTGTACTA,+,0.245602,promoter
Zhang_110_Zhang_582,0,0,,NA,0,0,TTGTTGCGTATACGAGACT,.,-0.12423,NA,0,0,ATCATAATCGCTTCAAGCA,.,0.177264,nontarget
Zhang_296_Zhang_755,0,0,,NA,0,0,GAATCCGGAGCTCATGAGG,.,-0.224687,NA,0,0,CCTATCGGCATTCCCACTG,.,-0.173637,nontarget
Zhang_726_Zhang_79,0,0,,NA,0,0,GCGCAGATAGCGCGTATCA,.,0.546891,NA,0,0,GCCCGCCACAGAATAGCTG,.,-0.326527,nontarget
CTRL0099_Zhang_905,0,0,,NA,0,0,AATCGGAATAGTTGATTCG,.,0.468842,NA,0,0,GTACCCCTAGGTATGGGGA,.,0.307091,nontarget
Zhang_512_Zhang_11,0,0,,NA,0,0,TTTATCTGGCGTGGGGTAT,.,0.651916,NA,0,0,GCGGAAATTTTACCGACGA,.,0.374189,nontarget
Zhang_24_Zhang_588,0,0,,NA,0,0,AACCCAACCTTTTACCGCA,.,0.062236,NA,0,0,TATCTCGAGTGGTAATGCG,.,-0.136999,nontarget
Zhang_740_Zhang_46,0,0,,NA,0,0,ACCCTTATATTCAGTAACT,.,0.121762,NA,0,0,GCCGTTCCGAGATACTTGA,.,0.436947,nontarget
Zhang_535_Zhang_376,0,0,,NA,0,0,ACGTCATTAAGAGTTCAAC,.,0.000838,NA,0,0,CAGCAATACCCCGGTATGG,.,0.441186,nontarget
CTRL0076_Zhang_48,0,0,,NA,0,0,CGGCATACGGGACACACGC,.,-0.455718,NA,0,0,TGTAATTGCGTCTAGTCGG,.,-0.229336,nontarget
Zhang_6_Zhang_411,0,0,,NA,0,0,CGGCTACAATCTTTGGCAT,.,-0.486288,NA,0,0,ACTAACGCCGCTCCTACAG,.,-0.262022,nontarget
Zhang_440_Zhang_526,0,0,,NA,0,0,TCCGTTATGTGGCATGAGA,.,0.463216,NA,0,0,ATGCGAGTGTATCCGCAGT,.,0.300484,nontarget
ENSG00000228327_dist4608,4608,539.2,+GOODDIST;NDIST;+5UTR;+TSS;+TARGETEXON;,chr1,713962,713981,TGCCCAGCTCCAGGCACCA,+,0.044485,chr1,718589,718608,CCTCAATGAAGCCTACTCC,-,0.083197,gene
Zhang_299_Zhang_46,0,0,,NA,0,0,ATATCCCGCGAAAAAATCT,.,-0.383333,NA,0,0,GCCGTTCCGAGATACTTGA,.,0.436947,nontarget
Zhang_291_Zhang_582,0,0,,NA,0,0,AGGTTTGCACGCATAGCTA,.,-0.017076,NA,0,0,ATCATAATCGCTTCAAGCA,.,0.177264,nontarget
Zhang_770_Zhang_306,0,0,,NA,0,0,ACAGTGAAATTAGCTCCCA,.,-0.073785,NA,0,0,GTTGGGCATAGCGAACACT,.,-0.443397,nontarget
Zhang_252_Zhang_25,0,0,,NA,0,0,ATCGACTCGAACTTCGTGT,.,0.222959,NA,0,0,GCCGTTAGCATGCGATCCC,.,-0.462645,nontarget
Zhang_508_Zhang_245,0,0,,NA,0,0,TAGCTGCTGTAAATCGCAT,.,-0.416983,NA,0,0,CTCGAAATCACCTATGGTA,.,0.022483,nontarget
CTRL0089_Zhang_432,0,0,,NA,0,0,AGCGGTGCTATTTGGTCTT,.,-0.117349,NA,0,0,ACTAATGGACCAAGTCAGT,.,0.188963,nontarget
Zhang_982_Zhang_129,0,0,,NA,0,0,ACGCTGTCGTACGTGTATA,.,0.604318,NA,0,0,TTTTAATACAAGGTAATCT,.,0.023149,nontarget
CTRL0043_Zhang_592,0,0,,NA,0,0,GGCTGAGGCACCTGGTTTA,.,0.757744,NA,0,0,TCGTCACGAGCAGGATTGC,.,0.048643,nontarget
Zhang_807_Zhang_53,0,0,,NA,0,0,AGACCCAGTAAAACCACCA,.,-0.078063,NA,0,0,GGTAGTATTAATCGCTGAC,.,0.064974,nontarget
Zhang_171_Zhang_662,0,0,,NA,0,0,AGTAGCGATCGAATGTCAA,.,0.192372,NA,0,0,GTGCTTAGCTCTGCGCACA,.,0.224091,nontarget
Zhang_43_CTRL0033,0,0,,NA,0,0,CCGACCAACGTCAGCGGTA,.,0.634951,NA,0,0,GCCGGGCTGACAATTAACG,.,-0.12393,nontarget
ENSG00000234264_p68962359_dist1166,1166,310.0,+ORI;+GOODDIST;+5UTR;+TSS;,chr1,68961189,68961208,AACCTAGGCATTCAAACCC,+,0.471562,chr1,68962374,68962393,CCTCATAGCGAGTCTGGTG,+,0.321916,promoter
ENSG00000223883_p69521581_dist1412,1412,300.0,+GOODDIST;+5UTR;+TSS;,chr1,69520285,69520304,CACTAGAAGGAAAAAATAA,-,0.384535,chr1,69521716,69521735,CCTACCTTTAAGATGCAGA,-,0.454347,promoter
Zhang_511_Zhang_941,0,0,,NA,0,0,TAAAATTTTTGCGTGTTTG,.,0.610804,NA,0,0,ACGTAAGTGACGACAGGAA,.,0.444724,nontarget
ENSG00000234264_dist3966,3966,127.35000000000002,+GOODDIST;+TSSNEARBY;+TARGETEXON;,chr1,68991605,68991624,GAGATGAGTTTTAGAGAAA,+,0.255666,chr1,68995590,68995609,CAATGTAGCAATGCCCTGA,-,0.032593,gene
Zhang_618_Zhang_863,0,0,,NA,0,0,CCTGGGTTTTGGTGCATAC,.,0.256361,NA,0,0,GCATTCTCACCAAGACCGA,.,-0.077889,nontarget
Zhang_206_Zhang_769,0,0,,NA,0,0,TCCTAGAGTTGGCAGACGC,.,-0.464599,NA,0,0,CCGCCGATTTCATAAGTAA,.,0.172128,nontarget
Zhang_191_Zhang_966,0,0,,NA,0,0,AATCATGCACATTCGGGAC,.,-0.025386,NA,0,0,GTTCCCAGAAATATATTGC,.,-0.075326,nontarget
Zhang_146_Zhang_248,0,0,,NA,0,0,GACGGTAATGCACCTACTA,.,-0.067794,NA,0,0,GAATCGGAACTTTGTACCG,.,-0.291913,nontarget
Zhang_52_Zhang_168,0,0,,NA,0,0,TCGACAGTTCGTCCCGAGC,.,0.154878,NA,0,0,CCCGGTTGGTGAACGATAC,.,0.407131,nontarget
ENSG00000234264_dist3854,3854,127.75,+GOODDIST;+TSSNEARBY;+TARGETEXON;,chr1,68991565,68991584,TTACCTGTGCCAAATGCGG,+,0.949357,chr1,68995438,68995457,GGGTCGCTTATTTAAGGTC,-,0.279962,gene
Zhang_364_Zhang_674,0,0,,NA,0,0,CCCCTTATGATTGTTATAG,.,0.446987,NA,0,0,TGCGCAGCTCCAGAATTTT,.,-0.148674,nontarget
Zhang_5_Zhang_69,0,0,,NA,0,0,CATATCGGGGCGAGACATG,.,0.401813,NA,0,0,TTCGACGCCATCGTGCTCA,.,0.441951,nontarget
Zhang_529_Zhang_755,0,0,,NA,0,0,CGGGCAGAACGACCCTGAC,.,-0.007095,NA,0,0,GAATCCGGAGCTCATGAGG,.,-0.224687,nontarget
Zhang_883_CTRL0057,0,0,,NA,0,0,TATATGGTTTTAAACGGCT,.,-0.405403,NA,0,0,CACAATGTTGACGTAAGTG,.,0.183454,nontarget
Zhang_730_Zhang_525,0,0,,NA,0,0,CTAAGGTCATGTTTGCAAT,.,0.170909,NA,0,0,GATACCTGGGCCGACTTTC,.,-0.188749,nontarget
Zhang_466_Zhang_337,0,0,,NA,0,0,CCTATAATCGACCACATTT,.,0.189085,NA,0,0,GACTCGGGCAATATCGGTT,.,-0.104365,nontarget
Zhang_196_Zhang_69,0,0,,NA,0,0,TTCGACGCCATCGTGCTCA,.,0.441951,NA,0,0,TCCAGATCACCACGCGTCA,.,0.54182,nontarget
Zhang_931_Zhang_100,0,0,,NA,0,0,AAATTCAGACCACAGCTAA,.,0.322849,NA,0,0,AGAGCGAATCGATTTCGTG,.,0.202327,nontarget
Zhang_591_Zhang_34,0,0,,NA,0,0,TCCTGCCCGAACTGCAGAA,.,0.499523,NA,0,0,CTTCAGTTCGGCGTAGTCA,.,0.411083,nontarget
Zhang_484_Zhang_584,0,0,,NA,0,0,ACGCACAATCCTTCACGCA,.,0.152309,NA,0,0,ATTTTGACTTGACGCAGGC,.,-0.03545,nontarget
CTRL0068_Zhang_77,0,0,,NA,0,0,CGCTACGGAATCATACGTT,.,-0.031684,NA,0,0,TAGACGTCGTGAGCTTCAC,.,-0.27341,nontarget
Zhang_840_Zhang_274,0,0,,NA,0,0,TGCACTGTGGAGACGCCCG,.,-0.051933,NA,0,0,GTTGAATGGACCTCGACTA,.,0.158264,nontarget
ENSG00000237491_p721180_dist2688,2688,231.2,+GOODDIST;NDIST;+5UTR;+TSS;,chr1,718589,718608,CCTCAATGAAGCCTACTCC,-,0.083197,chr1,721296,721315,AATTTTGAAGCACCAAAGG,-,0.800471,promoter
Zhang_77_Zhang_123,0,0,,NA,0,0,TAGACGTCGTGAGCTTCAC,.,-0.27341,NA,0,0,GGCCACGAATTCCGCCGCC,.,-0.170968,nontarget
ENSG00000228327_dist3455,3455,500.0,+GOODDIST;+TSS;+TARGETEXON;,chr1,714084,714103,CACCCTTGTGACGTCACAG,+,0.396517,chr1,710610,710629,TTAGCCAGGCGTGAAGTTG,+,0.20449,gene
Zhang_369_Zhang_779,0,0,,NA,0,0,GACTTTAGTTCCAGTGGTT,.,0.011309,NA,0,0,CTACTCCCGTGTGTTATCC,.,-0.17339,nontarget
Zhang_982_Zhang_142,0,0,,NA,0,0,GCCGTGAAAAGACGCTGCG,.,0.259654,NA,0,0,TTTTAATACAAGGTAATCT,.,0.023149,nontarget
Zhang_762_Zhang_647,0,0,,NA,0,0,GACCCATGGATGTGAACCC,.,-0.341564,NA,0,0,CTACGTGTAGTTGTACATA,.,0.262744,nontarget
